Name,Ticker,ISIN,Number of Shares,Market Value,% of NAV
FIRST AMERICAN TREASURY OBLIGATIONS FUND,,US31846V3289,662648.25,662648.25,    0.10
ABM INDUSTRIES INC,ABM,US0009571003,45447.00,2262351.75,    0.33
ADOBE INC,ADBE,US00724F1012,34337.00,8085333.50,    1.20
ADT INC,ADT,US00090Q1031,186331.00,1192518.38,    0.18
ADVANCED MICRO DEVICES,AMD,US0079031078, 7988.00,5037472.50,    0.75
ALBERTSONS COS INC - CLASS A,ACI,US0130911037,175183.00,2044385.63,    0.30
ALIGN TECHNOLOGY INC,ALGN,US0162551016,12984.00,1905791.50,    0.28
ALLSTATE CORP,ALL,US0200021014,12313.00,2802438.75,    0.41
ALPHABET INC-CL A,GOOGL,US02079K3059,71573.00,24615386.00,    3.64
ALPHABET INC-CL C,GOOG,US02079K1079,61395.00,20940606.00,    3.10
ALTRIA GROUP INC,MO,US02209S1033,61565.00,4236903.50,    0.63
AMAZON.COM INC,AMZN,US0231351067,99104.00,24743296.00,    3.66
AMDOCS LTD,DOX,GB0022569080,31133.00,1796685.38,    0.27
AMERICAN INTERNATIONAL GROUP,AIG,US0268747849,28724.00,2130459.00,    0.32
AMGEN INC,AMGN,US0311621009, 9270.00,3843434.75,    0.57
APPLE INC,AAPL,US0378331005,114020.00,38888800.00,    5.75
APPLIED MATERIALS INC,AMAT,US0382221051,24102.00,11689470.00,    1.73
AT&T INC,T,US00206R1023,121447.00,3082324.75,    0.46
AUTOLIV INC,ALV,US0528001094,28741.00,3377642.25,    0.50
BANK OF AMERICA CORP,BAC,US0605051046,55626.00,3153994.25,    0.47
BERKSHIRE HATHAWAY INC-CL B,BRK/B,US0846707026, 7500.00,3791100.00,    0.56
BIOGEN INC,BIIB,US09062X1037,15442.00,3514599.25,    0.52
BORGWARNER INC,BWA,US0997241064,74278.00,4554727.00,    0.67
BRISTOL-MYERS SQUIBB CO,BMY,US1101221083,76889.00,4833242.50,    0.71
BROADCOM INC,AVGO,US11135F1012,20922.00,7381491.00,    1.09
CATERPILLAR INC,CAT,US1491231015, 3321.00,2728467.25,    0.40
CHUBB LTD,CB,CH0044328745,10969.00,3656735.50,    0.54
CIRRUS LOGIC INC,CRUS,US1727551004,42845.00,5137972.50,    0.76
CISCO SYSTEMS INC,CSCO,US17275R1023,98203.00,10478260.00,    1.55
CITIGROUP INC,C,US1729674242,38929.00,5227386.00,    0.77
CITIZENS FINANCIAL GROUP,CFG,US1746101054,38004.00,2490402.00,    0.37
COGNIZANT TECH SOLUTIONS-A,CTSH,US1924461023,28725.00,1646804.25,    0.24
COMCAST CORP-CLASS A,CMCSA,US20030N1019,149240.00,3269848.50,    0.48
CROWN HOLDINGS INC,CCK,US2283681060,22925.00,2477275.50,    0.37
CVS HEALTH CORP,CVS,US1266501006,36144.00,3221514.75,    0.48
DECKERS OUTDOOR CORP,DECK,US2435371073,49234.00,3873238.75,    0.57
DELL TECHNOLOGIES -C,DELL,US24703L2025,24608.00,13851597.00,    2.05
DEVON ENERGY CORP,DVN,US25179M1036,78795.00,3707304.75,    0.55
DROPBOX INC-CLASS A,DBX,US26210C1045,94549.00,3055823.75,    0.45
EBAY INC,EBAY,US2786421030,57466.00,6200581.50,    0.92
ELEVANCE HEALTH INC,ELV,US0367521038, 7412.00,2935819.00,    0.43
ENERSYS,ENS,US29275Y1029,10011.00,1790867.75,    0.26
EVERSOURCE ENERGY,ES,US30040W1080,34236.00,2179806.00,    0.32
EXELIXIS INC,EXEL,US30161Q1040,52871.00,3074977.25,    0.45
EXPEDIA GROUP INC,EXPE,US30212P3038,22024.00,5818080.00,    0.86
EXXONMOBIL HOLDINGS CORP,XOM,US30233Q1085,20381.00,3272984.75,    0.48
F5 INC,FFIV,US3156161024, 6489.00,2875016.25,    0.43
FEDERATED HERMES INC,FHI,US3142111034,27246.00,1575363.75,    0.23
FEDEX CORP,FDX,US31428X1063,14832.00,4239727.00,    0.63
FEDEX FREIGHT HOLDING CO,FDXF,US3143521058,   24.00, 2716.32,    0.00
FISERV INC,FISV,US3377381088,25827.00,1200439.00,    0.18
FOX CORP - CLASS A,FOXA,US35137L1052,55617.00,3507764.25,    0.52
FRESHWORKS INC-CL A,FRSH,US3580541049,203692.00,2554297.75,    0.38
GAP INC/THE,GAP,US3647601083,94548.00,2063037.38,    0.31
GARRETT MOTION INC,GTX,US3665051054,91295.00,2348107.50,    0.35
GE HEALTHCARE TECHNOLOGY,GEHC,US36266G1076,22925.00,1527492.75,    0.23
GEN DIGITAL INC,GEN,US6687711084,93622.00,2024107.63,    0.30
GENERAL MOTORS CO,GM,US37045V1008,89394.00,7386626.00,    1.09
GENPACT LTD,G,BMG3922B1072,64888.00,2147792.75,    0.32
GILEAD SCIENCES INC,GILD,US3755581036,38644.00,5832539.00,    0.86
GLOBE LIFE INC,GL,US37959E1029,13905.00,2322691.25,    0.34
GODADDY INC - CLASS A,GDDY,US3802371076,23199.00,2253550.75,    0.33
GOLDMAN SACHS GROUP INC,GS,US38141G1040, 6488.00,6069199.50,    0.90
HALOZYME THERAPEUTICS INC,HALO,US40637H1095,18518.00,2109200.25,    0.31
HARLEY-DAVIDSON INC,HOG,US4128221086,85890.00,2185900.50,    0.32
HARMONY BIOSCIENCES HOLDINGS,HRMY,US4131971040,61965.00,2556676.00,    0.38
HCA HEALTHCARE INC,HCA,US40412C1018, 7412.00,3228741.25,    0.48
HOST HOTELS & RESORTS INC,HST,US44107P1049,142766.00,3200813.75,    0.47
HP INC,HPQ,US40434L1052,93621.00,2930337.25,    0.43
HUBSPOT INC,HUBS,US4435731009, 6407.00,1369432.13,    0.20
INCYTE CORP,INCY,US45337C1027,33372.00,4134457.00,    0.61
JABIL INC,JBL,US4663131039,13910.00,4405853.50,    0.65
JAZZ PHARMACEUTICALS PLC,JAZZ,IE00B4Q5ZN47, 9222.00,2194375.00,    0.32
JOHNSON & JOHNSON,JNJ,US4781601046,17823.00,4833954.00,    0.72
JPMORGAN CHASE & CO,JPM,US46625H1005,31526.00,10815310.00,    1.60
KROGER CO,KR,US5010441013,37940.00,2228595.50,    0.33
LAM RESEARCH CORP,LRCX,US5128073062,18225.00,5744702.00,    0.85
LOCKHEED MARTIN CORP,LMT,US5398301094, 7416.00,3853057.00,    0.57
MAPLEBEAR INC,CART,US5653941030,68295.00,2949661.00,    0.44
MARATHON PETROLEUM CORP,MPC,US56585A1025,16822.00,6619793.50,    0.98
MATCH GROUP INC,MTCH,US57667L1070,56547.00,2292980.75,    0.34
MATTEL INC,MAT,US5770811025,139975.00,1860267.75,    0.28
MERCK & CO. INC.,MRK,US58933Y1055,52173.00,7762299.00,    1.15
META PLATFORMS INC,META,US30303M1027,25828.00,19413874.00,    2.87
MGIC INVESTMENT CORP,MTG,US5528481030,55620.00,1584057.63,    0.23
MICRON TECHNOLOGY INC,MU,US5951121038,13503.00,14614027.00,    2.16
MICROSOFT CORP,MSFT,US5949181045,43568.00,22488494.00,    3.33
MOLSON COORS BEVERAGE CO - B,TAP,US60871R2094,39040.00,1403488.00,    0.21
MORGAN STANLEY,MS,US6174464486,13918.00,2732242.50,    0.40
MUELLER INDUSTRIES INC,MLI,US6247561029,57451.00,3476934.50,    0.51
NETAPP INC,NTAP,US64110D1046,29490.00,5931766.00,    0.88
NEWMARKET CORP,NEU,US6515871076, 2781.00,2497449.25,    0.37
NEWMONT CORP,NEM,US6516391066,37077.00,4502260.00,    0.67
NVIDIA CORP,NVDA,US67066G1040,197732.00,44503540.00,    6.58
OLD REPUBLIC INTL CORP,ORI,US6802231042,48951.00,1847410.75,    0.27
ORACLE CORP,ORCL,US68389X1054,18720.00,2566512.00,    0.38
OSHKOSH CORP,OSK,US6882392011,21322.00,2830495.50,    0.42
OWENS CORNING,OC,US6907421019,18539.00,2297167.50,    0.34
PAGSEGURO DIGITAL LTD-CL A,PAGS,KYG687071012,221792.00,2007217.63,    0.30
PAYPAL HOLDINGS INC,PYPL,US70450Y1038,65723.00,3617394.00,    0.54
PEGASYSTEMS INC,PEGA,US7055731035,64267.00,2168690.00,    0.32
PEPSICO INC,PEP,US7134481081,21322.00,2742648.75,    0.41
PFIZER INC,PFE,US7170811035,201111.00,5765852.50,    0.85
POPULAR INC,BPOP,PR7331747001,19454.00,3121978.00,    0.46
PVH CORP,PVH,US6936561009,19531.00,1484160.75,    0.22
QORVO INC,QRVO,US74736K1016,44387.00,5236334.50,    0.77
QUALCOMM INC,QCOM,US7475251036,46349.00,9361108.00,    1.38
REGENERON PHARMACEUTICALS,REGN,US75886F1075, 5200.00,4097808.00,    0.61
RINGCENTRAL INC-CLASS A,RNG,US76680R2067,64768.00,4932731.00,    0.73
SALESFORCE INC,CRM,US79466L3024,42499.00,9945616.00,    1.47
SANDISK CORP,SNDK,US80004C2008, 1401.00,2490697.75,    0.37
SCIENCE APPLICATIONS INTE,SAIC,US8086251076,11674.00,1548089.13,    0.23
SKYWORKS SOLUTIONS INC,SWKS,US83088M1027,43556.00,3891293.00,    0.58
SMITHFIELD FOODS INC,SFD,US8322482071,77180.00,1469507.25,    0.22
SOUTHWEST AIRLINES CO,LUV,US8447411088,47149.00,2012319.38,    0.30
STATE STREET CORP,STT,US8574771031,34540.00,6263483.50,    0.93
STEEL DYNAMICS INC,STLD,US8581191009,13905.00,3249042.25,    0.48
SYNCHRONY FINANCIAL,SYF,US87165B1035,37077.00,2704396.50,    0.40
T-MOBILE US INC,TMUS,US8725901040,22315.00,3691570.50,    0.55
TAPESTRY INC,TPR,US8760301072,14824.00,1688157.13,    0.25
TARGET CORP,TGT,US87612E1064,28731.00,4523696.00,    0.67
TESLA INC,TSLA,US88160R1014, 2803.00,1043024.31,    0.15
TEXTRON INC,TXT,US8832031012,37994.00,2909960.50,    0.43
TWILIO INC - A,TWLO,US90138F1021,19461.00,5367344.00,    0.79
UBER TECHNOLOGIES INC,UBER,US90353T1007,28724.00,1999764.88,    0.30
UNITED AIRLINES HOLDINGS INC,UAL,US9100471096,18538.00,2113146.50,    0.31
UNITEDHEALTH GROUP INC,UNH,US91324P1021,12078.00,4548454.00,    0.67
UNIVERSAL DISPLAY CORP,OLED,US91347P1057,26929.00,2084035.25,    0.31
UNUM GROUP,UNM,US91529Y1064,30558.00,2814086.25,    0.42
VERIZON COMMUNICATIONS INC,VZ,US92343V1044,94546.00,4451225.50,    0.66
VISA INC-CLASS A SHARES,V,US92826C8394, 7412.00,2723020.50,    0.40
WALT DISNEY CO/THE,DIS,US2546871060,65198.00,6920767.50,    1.02
WELLS FARGO & CO,WFC,US9497461015,28735.00,2384143.00,    0.35
WESTERN DIGITAL CORP,WDC,US9581021055,10973.00,5012576.00,    0.74
ZOOM COMMUNICATIONS INC,ZM,US98980L1017,28686.00,2573421.00,    0.38
Cash,,,463675.44,463675.44,    0.07
