Date,Stock Symbol,ETF Name,ISIN,Holding,Security Type,Shares,Market Value,Portfolio %
"09/28/2026","BWA US","VictoryShares Free Cash Flow ETF","US0997241064","BORGWARNER INC.","COMMON STOCK","1912433.000000000000","117270391.560000000000","1.066163520000",
"09/28/2026","BR US","VictoryShares Free Cash Flow ETF","US11133T1034","BROADRIDGE FIN SOLUTIONS","COMMON STOCK","664543.000000000000","108832207.110000000000","0.989447790000",
"09/28/2026","CAH U","VictoryShares Free Cash Flow ETF","US14149Y1082","CARDINAL HEALTH INC","COMMON STOCK","798882.000000000000","175929794.040000000000","1.599465360000",
"09/28/2026","CNC US","VictoryShares Free Cash Flow ETF","US15135B1017","CENTENE CORP.","COMMON STOCK","5621305.000000000000","347509075.100000000000","3.159378030000",
"09/28/2026","CI US","VictoryShares Free Cash Flow ETF","US1255231003","CIGNA GROUP/THE","COMMON STOCK","1058777.000000000000","287997931.770000000000","2.618332600000",
"09/28/2026","CDE US","VictoryShares Free Cash Flow ETF","US1921085049","COEUR MINING INC","COMMON STOCK","8212649.000000000000","157847113.780000000000","1.435066710000",
"09/28/2026","CTSH US","VictoryShares Free Cash Flow ETF","US1924461023","COGNIZANT TECH SOLUTIONS","COMMON STOCK","3719039.000000000000","213212505.870000000000","1.938421050000",
"09/28/2026","COP U","VictoryShares Free Cash Flow ETF","US20825C1045","CONOCOPHILLIPS","COMMON STOCK","1931125.000000000000","245832212.500000000000","2.234983050000",
"09/28/2026","DAL US","VictoryShares Free Cash Flow ETF","US2473617023","DELTA AIR LINES INC","COMMON STOCK","2159344.000000000000","183414679.360000000000","1.667514180000",
"09/28/2026","DVN US","VictoryShares Free Cash Flow ETF","US25179M1036","DEVON ENERGY CORP.","COMMON STOCK","5871779.000000000000","276267201.950000000000","2.511682690000",
"09/28/2026","FANG US","VictoryShares Free Cash Flow ETF","US25278X1090","DIAMONDBACK ENERGY INC","COMMON STOCK","1491960.000000000000","278504173.200000000000","2.532020110000",
"09/28/2026","EOG U","VictoryShares Free Cash Flow ETF","US26875P1012","EOG RESOURCES INC","COMMON STOCK","1974388.000000000000","277105355.800000000000","2.519302770000",
"09/28/2026","EXE US","VictoryShares Free Cash Flow ETF","US1651677353","EXPAND ENERGY CORP","COMMON STOCK","2382781.000000000000","206920702.040000000000","1.881219130000",
"09/28/2026","EXPE US","VictoryShares Free Cash Flow ETF","US30212P3038","EXPEDIA GROUP INC.","COMMON STOCK","1064167.000000000000","281120996.390000000000","2.555810960000",
"09/28/2026","XOM","VictoryShares Free Cash Flow ETF","US30233Q1085","EXXONMOBIL HOLDINGS CORP","COMMON STOCK","2292339.000000000000","368126720.010000000000","3.346823310000",
"09/28/2026","FOXA US","VictoryShares Free Cash Flow ETF","US35137L1052","FOX CORP - CLASS A","COMMON STOCK","2680833.000000000000","169080137.310000000000","1.537191720000",
"09/28/2026","GEN US","VictoryShares Free Cash Flow ETF","US6687711084","GEN DIGITAL INC","COMMON STOCK","4444996.000000000000","96100813.520000000000","0.873700350000",
"09/28/2026","INCY US","VictoryShares Free Cash Flow ETF","US45337C1027","INCYTE PHARMACEUTICALS","COMMON STOCK","945929.000000000000","117191143.810000000000","1.065443040000",
"09/28/2026","IBM U","VictoryShares Free Cash Flow ETF","US4592001014","INTERNATIONAL BUSINESS MA","COMMON STOCK","1081971.000000000000","243995280.210000000000","2.218282580000",
"09/28/2026","INTU U","VictoryShares Free Cash Flow ETF","US4612021034","INTUIT INC","COMMON STOCK","1102586.000000000000","304082192.940000000000","2.764562630000",
"09/28/2026","SJM US","VictoryShares Free Cash Flow ETF","US8326964058","JM SMUCKER CO","COMMON STOCK","874732.000000000000","105842572.000000000000","0.962267520000",
"09/28/2026","LDOS US","VictoryShares Free Cash Flow ETF","US5253271028","LEIDOS HOLDINGS INC","COMMON STOCK","1148126.000000000000","141919854.860000000000","1.290264070000",
"09/28/2026","MPC US","VictoryShares Free Cash Flow ETF","US56585A1025","MARATHON PETROLEUM CORP.","COMMON STOCK","1009195.000000000000","397138416.400000000000","3.610583090000",
"09/28/2026","MU US","VictoryShares Free Cash Flow ETF","US5951121038","MICRON TECHNOLOGY INC.","COMMON STOCK","466948.000000000000","505368481.440000000000","4.594556500000",
"09/28/2026","NBIX US","VictoryShares Free Cash Flow ETF","US64125C1099","NEUROCRINE BIOSCIENCES IN","COMMON STOCK","696800.000000000000","96437120.000000000000","0.876757880000",
"09/28/2026","NEM US","VictoryShares Free Cash Flow ETF","US6516391066","NEWMONT CORP","COMMON STOCK","2080956.000000000000","252690487.080000000000","2.297335040000",
"09/28/2026","NRG US","VictoryShares Free Cash Flow ETF","US6293775085","NRG ENERGY INC.","COMMON STOCK","1377248.000000000000","138234381.760000000000","1.256757600000",
"09/28/2026","OMC US","VictoryShares Free Cash Flow ETF","US6819191064","OMNICOM GROUP INC.","COMMON STOCK","2790260.000000000000","212478299.000000000000","1.931746010000",
"09/28/2026","PR US","VictoryShares Free Cash Flow ETF","US71424F1057","PERMIAN","COMMON STOCK","10827744.000000000000","231280611.840000000000","2.102687200000",
"09/28/2026","PSX US","VictoryShares Free Cash Flow ETF","US7185461040","PHILLIPS 66","COMMON STOCK","1109867.000000000000","283848485.250000000000","2.580607910000",
"09/28/2026","CRM US","VictoryShares Free Cash Flow ETF","US79466L3024","SALESFORCE INC","COMMON STOCK","1139113.000000000000","266575224.260000000000","2.423568100000",
"09/28/2026","SNDK US","VictoryShares Free Cash Flow ETF","US80004C2008","SANDISK CORP/DE","COMMON STOCK","244330.000000000000","434369874.000000000000","3.949072810000",
"09/28/2026","SNA US","VictoryShares Free Cash Flow ETF","US8330341012","SNAP-ON INC.","COMMON STOCK","279233.000000000000","103092823.600000000000","0.937268190000",
"09/28/2026","STLD US","VictoryShares Free Cash Flow ETF","US8581191009","STEEL DYNAMICS INC","COMMON STOCK","563064.000000000000","131565534.240000000000","1.196127780000",
"09/28/2026","TMUS US","VictoryShares Free Cash Flow ETF","US8725901040","T-MOBILE US INC","COMMON STOCK","1622746.000000000000","268450870.780000000000","2.440620530000",
"09/28/2026","TPR US","VictoryShares Free Cash Flow ETF","US8760301072","TAPESTRY INC","COMMON STOCK","1131491.000000000000","128854195.080000000000","1.171477650000",
"09/28/2026","THC US","VictoryShares Free Cash Flow ETF","US88033G4073","TENET HEALTHCARE CORP","COMMON STOCK","803925.000000000000","208787361.750000000000","1.898189870000",
"09/28/2026","UBER US","VictoryShares Free Cash Flow ETF","US90353T1007","UBER TECHNOLOGIES INC","COMMON STOCK","3790752.000000000000","263912154.240000000000","2.399356800000",
"09/28/2026","UTHR US","VictoryShares Free Cash Flow ETF","US91307C1027","UNITED THERAPEUTICS CORP","COMMON STOCK","222345.000000000000","105713930.250000000000","0.961097980000",
"09/28/2026","VST US","VictoryShares Free Cash Flow ETF","US92840M1027","VISTRA CORP","COMMON STOCK","1203903.000000000000","166692409.380000000000","1.515483690000",
"09/28/2026","WDAY US","VictoryShares Free Cash Flow ETF","US98138H1014","WORKDAY INC","COMMON STOCK","953306.000000000000","180603821.700000000000","1.641959270000",
"09/28/2026","ZTS US","VictoryShares Free Cash Flow ETF","US98978V1035","ZOETIS INC","COMMON STOCK","2218864.000000000000","157650287.200000000000","1.433277260000",
"09/28/2026","ZM US","VictoryShares Free Cash Flow ETF","US98980L1017","ZOOM COMMUNICATIONS INC","COMMON STOCK","1831515.000000000000","164305210.650000000000","1.493780480000",
"09/28/2026","ACN US","VictoryShares Free Cash Flow ETF","IE00B4BNMY34","ACCENTURE PLC","COMMON STOCK LIKE","2254745.000000000000","397083141.950000000000","3.610080560000",
"09/28/2026","JAZZ US","VictoryShares Free Cash Flow ETF","IE00B4Q5ZN47","JAZZ PHARMACEUTICALS PLC","COMMON STOCK LIKE","654652.000000000000","155774443.400000000000","1.416223030000",
"09/28/2026","RPRX US","VictoryShares Free Cash Flow ETF","GB00BMVP7Y09","ROYALTY PHARMA PLC","COMMON STOCK LIKE","3176997.000000000000","184932995.370000000000","1.681317940000",
"09/28/2026","ESZ6","VictoryShares Free Cash Flow ETF","BBG012FFK314","S&P 500 EMINI FUT DEC26","FUTURE (NEW)","14.000000000000","67540.500000000000","0.000614040000",
"09/28/2026","","VictoryShares Free Cash Flow ETF","","CASH AND CASH EQUIVALENTS","","6134881.130000000000","6134881.130000000000","0.055775260000",
"09/28/2026","ADBE US","VictoryShares Free Cash Flow ETF","US00724F1012","ADOBE INC","COMMON STOCK","1558186.000000000000","366906057.420000000000","3.335725660000",
"09/28/2026","ALB US","VictoryShares Free Cash Flow ETF","US0126531013","ALBEMARLE CORP.","COMMON STOCK","907398.000000000000","99568782.540000000000","0.905229380000",
"09/28/2026","ADSK US","VictoryShares Free Cash Flow ETF","US0527691069","AUTODESK INC.","COMMON STOCK","718320.000000000000","150416208.000000000000","1.367508640000",
"09/28/2026","BKNG US","VictoryShares Free Cash Flow ETF","US09857L1089","BOOKING HOLDINGS INC","COMMON STOCK","1440991.000000000000","236250474.450000000000","2.147870700000",
